Dataset,Interaction type,Number of interactions,RNA
CASP_RNA,WC,152,R1126
CASP_RNA,nWC,16,R1126
CASP_RNA,STACK,268,R1126
CASP_RNA,WC,155,R1136
CASP_RNA,nWC,17,R1136
CASP_RNA,STACK,330,R1136
CASP_RNA,WC,320,R1138
CASP_RNA,nWC,14,R1138
CASP_RNA,STACK,553,R1138
CASP_RNA,WC,33,R1190
CASP_RNA,nWC,1,R1190
CASP_RNA,STACK,64,R1190
CASP_RNA,WC,7,R1117
CASP_RNA,nWC,10,R1117
CASP_RNA,STACK,19,R1117
CASP_RNA,WC,22,R1108
CASP_RNA,nWC,2,R1108
CASP_RNA,STACK,57,R1108
CASP_RNA,WC,49,R1149
CASP_RNA,nWC,1,R1149
CASP_RNA,STACK,111,R1149
CASP_RNA,WC,54,R1156
CASP_RNA,nWC,0,R1156
CASP_RNA,STACK,119,R1156
CASP_RNA,WC,21,R1107
CASP_RNA,nWC,2,R1107
CASP_RNA,STACK,53,R1107
CASP_RNA,WC,107,R1128
CASP_RNA,nWC,5,R1128
CASP_RNA,STACK,182,R1128
CASP_RNA,WC,50,R1116
CASP_RNA,nWC,8,R1116
CASP_RNA,STACK,111,R1116
CASP_RNA,WC,27,R1189
CASP_RNA,nWC,0,R1189
CASP_RNA,STACK,58,R1189
RNA3DB_LONG,WC,337,8cep_a
RNA3DB_LONG,nWC,147,8cep_a
RNA3DB_LONG,STACK,893,8cep_a
RNA3DB_LONG,WC,136,7yg9_n
RNA3DB_LONG,nWC,27,7yg9_n
RNA3DB_LONG,STACK,307,7yg9_n
RNA3DB_LONG,WC,488,8c3a_b
RNA3DB_LONG,nWC,162,8c3a_b
RNA3DB_LONG,STACK,1225,8c3a_b
RNA3DB_LONG,WC,132,7xd7_n
RNA3DB_LONG,nWC,13,7xd7_n
RNA3DB_LONG,STACK,275,7xd7_n
RNA3DB_LONG,WC,466,8qpp_a
RNA3DB_LONG,nWC,134,8qpp_a
RNA3DB_LONG,STACK,1043,8qpp_a
RNA3DB_LONG,WC,847,8e49_i
RNA3DB_LONG,nWC,352,8e49_i
RNA3DB_LONG,STACK,2282,8e49_i
RNA3DB_LONG,WC,833,7uvy_a
RNA3DB_LONG,nWC,339,7uvy_a
RNA3DB_LONG,STACK,2028,7uvy_a
RNA3DB_LONG,WC,931,8bn3_1
RNA3DB_LONG,nWC,350,8bn3_1
RNA3DB_LONG,STACK,2416,8bn3_1
RNA3DB_LONG,WC,362,8cgj_a
RNA3DB_LONG,nWC,156,8cgj_a
RNA3DB_LONG,STACK,945,8cgj_a
RNA3DB_LONG,WC,163,8t2t_b
RNA3DB_LONG,nWC,54,8t2t_b
RNA3DB_LONG,STACK,401,8t2t_b
RNA3DB_LONG,WC,887,7xam_a
RNA3DB_LONG,nWC,339,7xam_a
RNA3DB_LONG,STACK,2163,7xam_a
RNA3DB_LONG,WC,454,8bh6_a
RNA3DB_LONG,nWC,145,8bh6_a
RNA3DB_LONG,STACK,1085,8bh6_a
RNA3DB_LONG,WC,482,8auv_h
RNA3DB_LONG,nWC,151,8auv_h
RNA3DB_LONG,STACK,1163,8auv_h
RNA3DB_LONG,WC,152,8tjq_n
RNA3DB_LONG,nWC,19,8tjq_n
RNA3DB_LONG,STACK,308,8tjq_n
RNA3DB_LONG,WC,142,8i7n_n
RNA3DB_LONG,nWC,24,8i7n_n
RNA3DB_LONG,STACK,286,8i7n_n
RNA3DB_LONG,WC,130,8tjx_n
RNA3DB_LONG,nWC,32,8tjx_n
RNA3DB_LONG,STACK,289,8tjx_n
RNA3DB_LONG,WC,762,8fn2_a
RNA3DB_LONG,nWC,235,8fn2_a
RNA3DB_LONG,STACK,2135,8fn2_a
RNA3DB_LONG,WC,830,7uw1_a
RNA3DB_LONG,nWC,344,7uw1_a
RNA3DB_LONG,STACK,2039,7uw1_a
RNA3DB_LONG,WC,345,8pk0_a
RNA3DB_LONG,nWC,107,8pk0_a
RNA3DB_LONG,STACK,949,8pk0_a
RNA3DB_LONG,WC,396,8cec_a
RNA3DB_LONG,nWC,175,8cec_a
RNA3DB_LONG,STACK,1136,8cec_a
RNA3DB_LONG,WC,353,8r6f_a
RNA3DB_LONG,nWC,106,8r6f_a
RNA3DB_LONG,STACK,882,8r6f_a
RNA3DB_LONG,WC,462,8fmw_a
RNA3DB_LONG,nWC,140,8fmw_a
RNA3DB_LONG,STACK,1246,8fmw_a
RNA3DB_LONG,WC,827,7uvw_a
RNA3DB_LONG,nWC,312,7uvw_a
RNA3DB_LONG,STACK,2048,7uvw_a
RNA3DB_LONG,WC,540,8c92_a
RNA3DB_LONG,nWC,139,8c92_a
RNA3DB_LONG,STACK,1202,8c92_a
RNA3DB_LONG,WC,330,8c83_2
RNA3DB_LONG,nWC,93,8c83_2
RNA3DB_LONG,STACK,840,8c83_2
RNA3DB_LONG,WC,332,8cwo_a
RNA3DB_LONG,nWC,121,8cwo_a
RNA3DB_LONG,STACK,870,8cwo_a
RNA3DB_LONG,WC,475,8phj_a
RNA3DB_LONG,nWC,186,8phj_a
RNA3DB_LONG,STACK,1256,8phj_a
RNA3DB_LONG,WC,217,8fli_a
RNA3DB_LONG,nWC,30,8fli_a
RNA3DB_LONG,STACK,500,8fli_a
RNA3DB_LONG,WC,468,8om4_r
RNA3DB_LONG,nWC,129,8om4_r
RNA3DB_LONG,STACK,1212,8om4_r
RNA3DB_LONG,WC,420,8eyt_a
RNA3DB_LONG,nWC,154,8eyt_a
RNA3DB_LONG,STACK,1073,8eyt_a
RNA3DB_LONG,WC,447,8q5i_a
RNA3DB_LONG,nWC,167,8q5i_a
RNA3DB_LONG,STACK,1146,8q5i_a
RNA3DB_LONG,WC,136,7ygd_n
RNA3DB_LONG,nWC,16,7ygd_n
RNA3DB_LONG,STACK,282,7ygd_n
RNA3DB_LONG,WC,463,7z3n_2
RNA3DB_LONG,nWC,118,7z3n_2
RNA3DB_LONG,STACK,1139,7z3n_2
RNA3DB_LONG,WC,480,7y7g_a
RNA3DB_LONG,nWC,181,7y7g_a
RNA3DB_LONG,STACK,1177,7y7g_a
RNA3DB_LONG,WC,143,8tju_a
RNA3DB_LONG,nWC,19,8tju_a
RNA3DB_LONG,STACK,296,8tju_a
RNA3DB_LONG,WC,470,8c94_a
RNA3DB_LONG,nWC,137,8c94_a
RNA3DB_LONG,STACK,1033,8c94_a
RNA3DB_LONG,WC,871,7uoo_1
RNA3DB_LONG,nWC,276,7uoo_1
RNA3DB_LONG,STACK,2068,7uoo_1
RNA3DB_LONG,WC,1086,8b5l_5
RNA3DB_LONG,nWC,294,8b5l_5
RNA3DB_LONG,STACK,2544,8b5l_5
RNA3DB_LONG,WC,341,8cgr_a
RNA3DB_LONG,nWC,153,8cgr_a
RNA3DB_LONG,STACK,894,8cgr_a
RNA3DB_LONG,WC,465,8am9_b
RNA3DB_LONG,nWC,191,8am9_b
RNA3DB_LONG,STACK,1224,8am9_b
RNA3DB_LONG,WC,134,7ych_n
RNA3DB_LONG,nWC,23,7ych_n
RNA3DB_LONG,STACK,291,7ych_n
RNA3DB_LONG,WC,173,8t2s_b
RNA3DB_LONG,nWC,52,8t2s_b
RNA3DB_LONG,STACK,421,8t2s_b
RNA3DB_LONG,WC,939,8c3a_1
RNA3DB_LONG,nWC,299,8c3a_1
RNA3DB_LONG,STACK,2244,8c3a_1
RNA3DB_LONG,WC,475,8t4s_2
RNA3DB_LONG,nWC,167,8t4s_2
RNA3DB_LONG,STACK,1250,8t4s_2
RNA3DB_LONG,WC,475,8bf9_5
RNA3DB_LONG,nWC,169,8bf9_5
RNA3DB_LONG,STACK,1214,8bf9_5
RNA3DB_LONG,WC,639,8c8z_a
RNA3DB_LONG,nWC,191,8c8z_a
RNA3DB_LONG,STACK,1455,8c8z_a
RNA3DB_LONG,WC,133,7xd5_n
RNA3DB_LONG,nWC,19,7xd5_n
RNA3DB_LONG,STACK,275,7xd5_n
RNA3DB_LONG,WC,848,8e3m_i
RNA3DB_LONG,nWC,361,8e3m_i
RNA3DB_LONG,STACK,2303,8e3m_i
RNA3DB_LONG,WC,482,8buu_a
RNA3DB_LONG,nWC,196,8buu_a
RNA3DB_LONG,STACK,1217,8buu_a
RNA3DB_LONG,WC,145,8hd6_n
RNA3DB_LONG,nWC,15,8hd6_n
RNA3DB_LONG,STACK,273,8hd6_n
RNA3DB_LONG,WC,169,8t2r_b
RNA3DB_LONG,nWC,48,8t2r_b
RNA3DB_LONG,STACK,413,8t2r_b
RNA3DB_LONG,WC,844,8fto_a
RNA3DB_LONG,nWC,406,8fto_a
RNA3DB_LONG,STACK,2144,8fto_a
RNA3DB_LONG,WC,384,7qi5_a
RNA3DB_LONG,nWC,162,7qi5_a
RNA3DB_LONG,STACK,1158,7qi5_a
RNA3DB_LONG,WC,601,8c90_a
RNA3DB_LONG,nWC,182,8c90_a
RNA3DB_LONG,STACK,1377,8c90_a
RNA3DB_LONG,WC,136,7yg8_n
RNA3DB_LONG,nWC,19,7yg8_n
RNA3DB_LONG,STACK,291,7yg8_n
RNA3DB_LONG,WC,474,8fr8_a
RNA3DB_LONG,nWC,192,8fr8_a
RNA3DB_LONG,STACK,1187,8fr8_a
RNA3DB_LONG,WC,832,8e46_i
RNA3DB_LONG,nWC,303,8e46_i
RNA3DB_LONG,STACK,2227,8e46_i
RNA3DB_LONG,WC,133,7yci_n
RNA3DB_LONG,nWC,21,7yci_n
RNA3DB_LONG,STACK,289,7yci_n
RNA3DB_LONG,WC,447,8g31_v
RNA3DB_LONG,nWC,148,8g31_v
RNA3DB_LONG,STACK,1157,8g31_v
RNA3DB_LONG,WC,356,8qsj_a
RNA3DB_LONG,nWC,115,8qsj_a
RNA3DB_LONG,STACK,921,8qsj_a
RNA3DB_LONG,WC,914,8q5i_1
RNA3DB_LONG,nWC,309,8q5i_1
RNA3DB_LONG,STACK,2224,8q5i_1
RNA3DB_LONG,WC,474,8crx_a
RNA3DB_LONG,nWC,186,8crx_a
RNA3DB_LONG,STACK,1246,8crx_a
RNA3DB_LONG,WC,136,7xd4_n
RNA3DB_LONG,nWC,15,7xd4_n
RNA3DB_LONG,STACK,251,7xd4_n
RNA3DB_LONG,WC,919,8azw_a
RNA3DB_LONG,nWC,298,8azw_a
RNA3DB_LONG,STACK,2179,8azw_a
RNA3DB_LONG,WC,338,8cgu_a
RNA3DB_LONG,nWC,149,8cgu_a
RNA3DB_LONG,STACK,886,8cgu_a
RNA3DB_LONG,WC,752,8c8x_a
RNA3DB_LONG,nWC,212,8c8x_a
RNA3DB_LONG,STACK,1695,8c8x_a
RNA3DB_LONG,WC,140,7xd6_n
RNA3DB_LONG,nWC,23,7xd6_n
RNA3DB_LONG,STACK,303,7xd6_n
RNA3DB_LONG,WC,357,8cai_a
RNA3DB_LONG,nWC,160,8cai_a
RNA3DB_LONG,STACK,938,8cai_a
RNA3DB_LONG,WC,513,8ppk_2
RNA3DB_LONG,nWC,156,8ppk_2
RNA3DB_LONG,STACK,1389,8ppk_2
RNA3DB_LONG,WC,822,8qpp_x
RNA3DB_LONG,nWC,288,8qpp_x
RNA3DB_LONG,STACK,1942,8qpp_x
RNA3DB_LONG,WC,892,7z3n_1
RNA3DB_LONG,nWC,228,7z3n_1
RNA3DB_LONG,STACK,2120,7z3n_1
RNA3DB_LONG,WC,828,8g34_b
RNA3DB_LONG,nWC,337,8g34_b
RNA3DB_LONG,STACK,2156,8g34_b
RNA3DB_LONG,WC,831,7uvz_a
RNA3DB_LONG,nWC,338,7uvz_a
RNA3DB_LONG,STACK,2037,7uvz_a
RNA3DB_LONG,WC,742,8c8y_a
RNA3DB_LONG,nWC,272,8c8y_a
RNA3DB_LONG,STACK,1744,8c8y_a
RNA3DB_LONG,WC,442,8eyq_a
RNA3DB_LONG,nWC,130,8eyq_a
RNA3DB_LONG,STACK,1039,8eyq_a
RNA_PUZZLES,WC,21,rp13
RNA_PUZZLES,nWC,3,rp13
RNA_PUZZLES,STACK,49,rp13
RNA_PUZZLES,WC,8,rp23
RNA_PUZZLES,nWC,14,rp23
RNA_PUZZLES,STACK,24,rp23
RNA_PUZZLES,WC,16,rp14_free
RNA_PUZZLES,nWC,6,rp14_free
RNA_PUZZLES,STACK,43,rp14_free
RNA_PUZZLES,WC,66,rp07
RNA_PUZZLES,nWC,10,rp07
RNA_PUZZLES,STACK,155,rp07
RNA_PUZZLES,WC,47,rp24
RNA_PUZZLES,nWC,2,rp24
RNA_PUZZLES,STACK,92,rp24
RNA_PUZZLES,WC,25,rp18
RNA_PUZZLES,nWC,6,rp18
RNA_PUZZLES,STACK,60,rp18
RNA_PUZZLES,WC,62,rp05
RNA_PUZZLES,nWC,11,rp05
RNA_PUZZLES,STACK,152,rp05
RNA_PUZZLES,WC,25,rp03
RNA_PUZZLES,nWC,7,rp03
RNA_PUZZLES,STACK,71,rp03
RNA_PUZZLES,WC,20,rp17
RNA_PUZZLES,nWC,7,rp17
RNA_PUZZLES,STACK,41,rp17
RNA_PUZZLES,WC,16,rp32
RNA_PUZZLES,nWC,4,rp32
RNA_PUZZLES,STACK,37,rp32
RNA_PUZZLES,WC,21,rp11
RNA_PUZZLES,nWC,0,rp11
RNA_PUZZLES,STACK,35,rp11
RNA_PUZZLES,WC,46,rp04
RNA_PUZZLES,nWC,6,rp04
RNA_PUZZLES,STACK,101,rp04
RNA_PUZZLES,WC,6,rp16
RNA_PUZZLES,nWC,6,rp16
RNA_PUZZLES,STACK,25,rp16
RNA_PUZZLES,WC,17,rp14_bound
RNA_PUZZLES,nWC,8,rp14_bound
RNA_PUZZLES,STACK,47,rp14_bound
RNA_PUZZLES,WC,32,rp08
RNA_PUZZLES,nWC,6,rp08
RNA_PUZZLES,STACK,74,rp08
RNA_PUZZLES,WC,47,rp06
RNA_PUZZLES,nWC,16,rp06
RNA_PUZZLES,STACK,121,rp06
RNA_PUZZLES,WC,20,rp09
RNA_PUZZLES,nWC,11,rp09
RNA_PUZZLES,STACK,56,rp09
RNA_PUZZLES,WC,13,rp21
RNA_PUZZLES,nWC,10,rp21
RNA_PUZZLES,STACK,31,rp21
RNA_PUZZLES,WC,39,rp12
RNA_PUZZLES,nWC,7,rp12
RNA_PUZZLES,STACK,90,rp12
RNA_PUZZLES,WC,21,rp25
RNA_PUZZLES,nWC,11,rp25
RNA_PUZZLES,STACK,55,rp25
RNA_PUZZLES,WC,20,rp34
RNA_PUZZLES,nWC,4,rp34
RNA_PUZZLES,STACK,47,rp34
RNA_PUZZLES,WC,21,rp29
RNA_PUZZLES,nWC,2,rp29
RNA_PUZZLES,STACK,41,rp29
RNASOLO,WC,21,4ZNP
RNASOLO,nWC,3,4ZNP
RNASOLO,STACK,51,4ZNP
RNASOLO,WC,15,6PRV
RNASOLO,nWC,8,6PRV
RNASOLO,STACK,45,6PRV
RNASOLO,WC,51,1U9S
RNASOLO,nWC,16,1U9S
RNASOLO,STACK,114,1U9S
RNASOLO,WC,16,1XJR
RNASOLO,nWC,6,1XJR
RNASOLO,STACK,38,1XJR
RNASOLO,WC,57,8SA3
RNASOLO,nWC,19,8SA3
RNASOLO,STACK,163,8SA3
RNASOLO,WC,19,2IL9
RNASOLO,nWC,5,2IL9
RNASOLO,STACK,69,2IL9
RNASOLO,WC,95,2A64
RNASOLO,nWC,20,2A64
RNASOLO,STACK,207,2A64
RNASOLO,WC,25,5T83
RNASOLO,nWC,13,5T83
RNASOLO,STACK,77,5T83
RNASOLO,WC,37,4WFL
RNASOLO,nWC,11,4WFL
RNASOLO,STACK,83,4WFL
RNASOLO,WC,22,2QUS
RNASOLO,nWC,4,2QUS
RNASOLO,STACK,58,2QUS
RNASOLO,WC,66,3DIL
RNASOLO,nWC,22,3DIL
RNASOLO,STACK,151,3DIL
RNASOLO,WC,44,6UES
RNASOLO,nWC,2,6UES
RNASOLO,STACK,73,6UES
RNASOLO,WC,26,3LA5
RNASOLO,nWC,8,3LA5
RNASOLO,STACK,55,3LA5
RNASOLO,WC,33,4LVW
RNASOLO,nWC,8,4LVW
RNASOLO,STACK,81,4LVW
RNASOLO,WC,16,7ELQ
RNASOLO,nWC,4,7ELQ
RNASOLO,STACK,36,7ELQ
RNASOLO,WC,32,4AOB
RNASOLO,nWC,4,4AOB
RNASOLO,STACK,75,4AOB
RNASOLO,WC,19,1YFG
RNASOLO,nWC,2,1YFG
RNASOLO,STACK,43,1YFG
RNASOLO,WC,28,7KGA
RNASOLO,nWC,1,7KGA
RNASOLO,STACK,70,7KGA
RNASOLO,WC,30,4RUM
RNASOLO,nWC,4,4RUM
RNASOLO,STACK,76,4RUM
RNASOLO,WC,21,4PQV
RNASOLO,nWC,3,4PQV
RNASOLO,STACK,53,4PQV
RNASOLO,WC,39,6N5P
RNASOLO,nWC,10,6N5P
RNASOLO,STACK,88,6N5P
RNASOLO,WC,11,6FZ0
RNASOLO,nWC,10,6FZ0
RNASOLO,STACK,34,6FZ0
RNASOLO,WC,20,3D2V
RNASOLO,nWC,13,3D2V
RNASOLO,STACK,60,3D2V
RNASOLO,WC,15,4ENC
RNASOLO,nWC,3,4ENC
RNASOLO,STACK,42,4ENC
RNASOLO,WC,28,6CU1
RNASOLO,nWC,7,6CU1
RNASOLO,STACK,62,6CU1
RNA3DB,WC,0,7oop_p
RNA3DB,nWC,0,7oop_p
RNA3DB,STACK,9,7oop_p
RNA3DB,WC,6,5kk5_b
RNA3DB,nWC,2,5kk5_b
RNA3DB,STACK,29,5kk5_b
RNA3DB,WC,11,6aay_b
RNA3DB,nWC,1,6aay_b
RNA3DB,STACK,33,6aay_b
RNA3DB,WC,0,7eu0_o
RNA3DB,nWC,0,7eu0_o
RNA3DB,STACK,11,7eu0_o
RNA3DB,WC,5,5wlh_b
RNA3DB,nWC,0,5wlh_b
RNA3DB,STACK,25,5wlh_b
RNA3DB,WC,28,5u30_b
RNA3DB,nWC,0,5u30_b
RNA3DB,STACK,81,5u30_b
RNA3DB,WC,6,7d2l_b
RNA3DB,nWC,0,7d2l_b
RNA3DB,STACK,25,7d2l_b
RNA3DB,WC,4,3nmu_d
RNA3DB,nWC,3,3nmu_d
RNA3DB,STACK,22,3nmu_d
RNA3DB,WC,12,7vti_b
RNA3DB,nWC,2,7vti_b
RNA3DB,STACK,25,7vti_b
RNA3DB,WC,0,6s91_v
RNA3DB,nWC,0,6s91_v
RNA3DB,STACK,22,6s91_v
RNA3DB,WC,0,7ozv_p
RNA3DB,nWC,0,7ozv_p
RNA3DB,STACK,8,7ozv_p
RNA3DB,WC,10,8d29_r
RNA3DB,nWC,1,8d29_r
RNA3DB,STACK,29,8d29_r
RNA3DB,WC,0,6ifu_i
RNA3DB,nWC,0,6ifu_i
RNA3DB,STACK,12,6ifu_i
RNA3DB,WC,0,6o1o_m
RNA3DB,nWC,0,6o1o_m
RNA3DB,STACK,10,6o1o_m
RNA3DB,WC,0,8qpp_v
RNA3DB,nWC,1,8qpp_v
RNA3DB,STACK,6,8qpp_v
RNA3DB,WC,0,6o7e_g
RNA3DB,nWC,0,6o7e_g
RNA3DB,STACK,9,6o7e_g
RNA3DB,WC,0,4w29_av
RNA3DB,nWC,0,4w29_av
RNA3DB,STACK,7,4w29_av
RNA3DB,WC,18,8upt_a
RNA3DB,nWC,5,8upt_a
RNA3DB,STACK,54,8upt_a
RNA3DB,WC,5,6vbw_k
RNA3DB,nWC,0,6vbw_k
RNA3DB,STACK,21,6vbw_k
RNA3DB,WC,38,7l49_e
RNA3DB,nWC,2,7l49_e
RNA3DB,STACK,102,7l49_e
RNA3DB,WC,7,8apo_b1
RNA3DB,nWC,1,8apo_b1
RNA3DB,STACK,57,8apo_b1
RNA3DB,WC,8,7d8o_l
RNA3DB,nWC,2,7d8o_l
RNA3DB,STACK,21,7d8o_l
RNA3DB,WC,57,8ctl_c
RNA3DB,nWC,7,8ctl_c
RNA3DB,STACK,128,8ctl_c
RNA3DB,WC,20,4c7o_e
RNA3DB,nWC,1,4c7o_e
RNA3DB,STACK,37,4c7o_e
RNA3DB,WC,32,5wti_b
RNA3DB,nWC,5,5wti_b
RNA3DB,STACK,92,5wti_b
RNA3DB,WC,0,7cyq_i
RNA3DB,nWC,0,7cyq_i
RNA3DB,STACK,20,7cyq_i
RNA3DB,WC,0,7tr8_r
RNA3DB,nWC,0,7tr8_r
RNA3DB,STACK,7,7tr8_r
RNA3DB,WC,29,8a98_5
RNA3DB,nWC,12,8a98_5
RNA3DB,STACK,80,8a98_5
RNA3DB,WC,0,7zoq_c
RNA3DB,nWC,0,7zoq_c
RNA3DB,STACK,8,7zoq_c
RNA3DB,WC,6,6ltp_b
RNA3DB,nWC,0,6ltp_b
RNA3DB,STACK,16,6ltp_b
RNA3DB,WC,19,3egz_b
RNA3DB,nWC,6,3egz_b
RNA3DB,STACK,51,3egz_b
RNA3DB,WC,0,6ff7_z
RNA3DB,nWC,0,6ff7_z
RNA3DB,STACK,14,6ff7_z
RNA3DB,WC,9,8ewg_b
RNA3DB,nWC,2,8ewg_b
RNA3DB,STACK,24,8ewg_b
RNA3DB,WC,6,6w5c_b
RNA3DB,nWC,0,6w5c_b
RNA3DB,STACK,30,6w5c_b
RNA3DB,WC,24,4v8m_bh
RNA3DB,nWC,10,4v8m_bh
RNA3DB,STACK,77,4v8m_bh
RNA3DB,WC,6,4wb3_d
RNA3DB,nWC,10,4wb3_d
RNA3DB,STACK,18,4wb3_d
RNA3DB,WC,13,7ei5_a
RNA3DB,nWC,3,7ei5_a
RNA3DB,STACK,32,7ei5_a
RNA3DB,WC,0,7kwg_a
RNA3DB,nWC,0,7kwg_a
RNA3DB,STACK,8,7kwg_a
RNA3DB,WC,17,7qi4_ay
RNA3DB,nWC,4,7qi4_ay
RNA3DB,STACK,46,7qi4_ay
RNA3DB,WC,0,8e0f_d
RNA3DB,nWC,0,8e0f_d
RNA3DB,STACK,20,8e0f_d
RNA3DB,WC,8,4r8i_b
RNA3DB,nWC,4,4r8i_b
RNA3DB,STACK,20,4r8i_b
RNA3DB,WC,8,7ozq_e
RNA3DB,nWC,3,7ozq_e
RNA3DB,STACK,29,7ozq_e
RNA3DB,WC,77,8bd6_b
RNA3DB,nWC,18,8bd6_b
RNA3DB,STACK,187,8bd6_b
RNA3DB,WC,3,6e9e_b
RNA3DB,nWC,1,6e9e_b
RNA3DB,STACK,33,6e9e_b
RNA3DB,WC,0,7dte_f
RNA3DB,nWC,0,7dte_f
RNA3DB,STACK,20,7dte_f
RNA3DB,WC,0,8d1v_j
RNA3DB,nWC,1,8d1v_j
RNA3DB,STACK,11,8d1v_j
RNA3DB,WC,14,5hrt_b
RNA3DB,nWC,4,5hrt_b
RNA3DB,STACK,23,5hrt_b
RNA3DB,WC,22,8gkh_w
RNA3DB,nWC,0,8gkh_w
RNA3DB,STACK,48,8gkh_w
RNA3DB,WC,9,4v8m_bf
RNA3DB,nWC,3,4v8m_bf
RNA3DB,STACK,25,4v8m_bf
RNA3DB,WC,0,8ccs_dd
RNA3DB,nWC,0,8ccs_dd
RNA3DB,STACK,7,8ccs_dd
RNA3DB,WC,0,7wm4_a
RNA3DB,nWC,0,7wm4_a
RNA3DB,STACK,44,7wm4_a
RNA3DB,WC,14,5btm_b
RNA3DB,nWC,3,5btm_b
RNA3DB,STACK,36,5btm_b
RNA3DB,WC,0,8g61_mr
RNA3DB,nWC,0,8g61_mr
RNA3DB,STACK,0,8g61_mr
RNA3DB,WC,20,8ffy_c
RNA3DB,nWC,1,8ffy_c
RNA3DB,STACK,36,8ffy_c
RNA3DB,WC,0,6vff_c
RNA3DB,nWC,0,6vff_c
RNA3DB,STACK,22,6vff_c
RNA3DB,WC,11,8gh6_r
RNA3DB,nWC,2,8gh6_r
RNA3DB,STACK,27,8gh6_r
RNA3DB,WC,19,7vyx_d
RNA3DB,nWC,1,7vyx_d
RNA3DB,STACK,59,7vyx_d
RNA3DB,WC,6,7m5o_b
RNA3DB,nWC,0,7m5o_b
RNA3DB,STACK,15,7m5o_b
RNA3DB,WC,0,6ifr_j
RNA3DB,nWC,0,6ifr_j
RNA3DB,STACK,22,6ifr_j
RNA3DB,WC,23,4k27_u
RNA3DB,nWC,3,4k27_u
RNA3DB,STACK,48,4k27_u
RNA3DB,WC,2,8qz8_v
RNA3DB,nWC,0,8qz8_v
RNA3DB,STACK,10,8qz8_v
RNA3DB,WC,0,7jl2_y
RNA3DB,nWC,0,7jl2_y
RNA3DB,STACK,21,7jl2_y
RNA3DB,WC,11,6zj3_lk
RNA3DB,nWC,2,6zj3_lk
RNA3DB,STACK,37,6zj3_lk
RNA3DB,WC,28,7v94_b
RNA3DB,nWC,0,7v94_b
RNA3DB,STACK,67,7v94_b
RNA3DB,WC,14,4oog_d
RNA3DB,nWC,0,4oog_d
RNA3DB,STACK,31,4oog_d
RNA3DB,WC,0,3ciy_d
RNA3DB,nWC,1,3ciy_d
RNA3DB,STACK,39,3ciy_d
RNA3DB,WC,0,5zwo_g
RNA3DB,nWC,1,5zwo_g
RNA3DB,STACK,17,5zwo_g
RNA3DB,WC,22,6wc0_b
RNA3DB,nWC,1,6wc0_b
RNA3DB,STACK,68,6wc0_b
RNA3DB,WC,0,6xn7_t
RNA3DB,nWC,0,6xn7_t
RNA3DB,STACK,19,6xn7_t
RNA3DB,WC,23,7ljy_b
RNA3DB,nWC,3,7ljy_b
RNA3DB,STACK,65,7ljy_b
RNA3DB,WC,1,2gtt_x
RNA3DB,nWC,1,2gtt_x
RNA3DB,STACK,58,2gtt_x
RNA3DB,WC,10,8dc2_b
RNA3DB,nWC,1,8dc2_b
RNA3DB,STACK,35,8dc2_b
RNA3DB,WC,0,1gtn_w
RNA3DB,nWC,0,1gtn_w
RNA3DB,STACK,11,1gtn_w
RNA3DB,WC,15,8apo_a1
RNA3DB,nWC,11,8apo_a1
RNA3DB,STACK,69,8apo_a1
RNA3DB,WC,3,8ff5_m
RNA3DB,nWC,3,8ff5_m
RNA3DB,STACK,16,8ff5_m
RNA3DB,WC,30,7jnh_b
RNA3DB,nWC,2,7jnh_b
RNA3DB,STACK,64,7jnh_b
RNA3DB,WC,17,5czz_b
RNA3DB,nWC,2,5czz_b
RNA3DB,STACK,62,5czz_b
RNA3DB,WC,16,6nu2_b
RNA3DB,nWC,4,6nu2_b
RNA3DB,STACK,27,6nu2_b
RNA3DB,WC,17,8hud_b
RNA3DB,nWC,1,8hud_b
RNA3DB,STACK,41,8hud_b
RNA3DB,WC,15,6zdq_c
RNA3DB,nWC,3,6zdq_c
RNA3DB,STACK,44,6zdq_c
RNA3DB,WC,0,7tqv_g
RNA3DB,nWC,0,7tqv_g
RNA3DB,STACK,26,7tqv_g
RNA3DB,WC,14,6dtd_c
RNA3DB,nWC,3,6dtd_c
RNA3DB,STACK,26,6dtd_c
RNA3DB,WC,13,8hb8_a
RNA3DB,nWC,9,8hb8_a
RNA3DB,STACK,32,8hb8_a
RNA3DB,WC,6,8d4a_b
RNA3DB,nWC,6,8d4a_b
RNA3DB,STACK,35,8d4a_b
RNA3DB,WC,0,7sbb_x
RNA3DB,nWC,0,7sbb_x
RNA3DB,STACK,18,7sbb_x
RNA3DB,WC,2,8j1q_e
RNA3DB,nWC,5,8j1q_e
RNA3DB,STACK,10,8j1q_e
RNA3DB,WC,5,4ni7_b
RNA3DB,nWC,13,4ni7_b
RNA3DB,STACK,18,4ni7_b
RNA3DB,WC,20,1kuq_b
RNA3DB,nWC,1,1kuq_b
RNA3DB,STACK,39,1kuq_b
RNA3DB,WC,0,6s8e_u
RNA3DB,nWC,0,6s8e_u
RNA3DB,STACK,24,6s8e_u
RNA3DB,WC,12,8a22_a6
RNA3DB,nWC,5,8a22_a6
RNA3DB,STACK,69,8a22_a6
RNA3DB,WC,17,7u2b_c
RNA3DB,nWC,0,7u2b_c
RNA3DB,STACK,29,7u2b_c
RNA3DB,WC,6,5xus_b
RNA3DB,nWC,3,5xus_b
RNA3DB,STACK,31,5xus_b
RNA3DB,WC,43,6p5n_1
RNA3DB,nWC,3,6p5n_1
RNA3DB,STACK,112,6p5n_1
RNA3DB,WC,11,1ddy_e
RNA3DB,nWC,3,1ddy_e
RNA3DB,STACK,26,1ddy_e
RNA3DB,WC,0,6bk8_i
RNA3DB,nWC,0,6bk8_i
RNA3DB,STACK,0,6bk8_i
RNA3DB,WC,12,6cf2_g
RNA3DB,nWC,1,6cf2_g
RNA3DB,STACK,24,6cf2_g
RNA3DB,WC,13,5y7m_b
RNA3DB,nWC,5,5y7m_b
RNA3DB,STACK,41,5y7m_b
RNA3DB,WC,24,6zj3_ll
RNA3DB,nWC,3,6zj3_ll
RNA3DB,STACK,69,6zj3_ll
RNA3DB,WC,0,8any_az
RNA3DB,nWC,0,8any_az
RNA3DB,STACK,17,8any_az
RNA3DB,WC,0,7xlt_b
RNA3DB,nWC,0,7xlt_b
RNA3DB,STACK,26,7xlt_b
RNA3DB,WC,0,7tqv_h
RNA3DB,nWC,0,7tqv_h
RNA3DB,STACK,25,7tqv_h
RNA3DB,WC,0,8fjl_b2
RNA3DB,nWC,0,8fjl_b2
RNA3DB,STACK,0,8fjl_b2
RNA3DB,WC,12,8apo_a2
RNA3DB,nWC,0,8apo_a2
RNA3DB,STACK,52,8apo_a2
RNA3DB,WC,27,8ex9_b
RNA3DB,nWC,5,8ex9_b
RNA3DB,STACK,74,8ex9_b
RNA3DB,WC,13,8f0n_b
RNA3DB,nWC,14,8f0n_b
RNA3DB,STACK,35,8f0n_b
RNA3DB,WC,12,4kr9_m
RNA3DB,nWC,1,4kr9_m
RNA3DB,STACK,23,4kr9_m
RNA3DB,WC,3,1g1x_d
RNA3DB,nWC,1,1g1x_d
RNA3DB,STACK,31,1g1x_d
RNA3DB,WC,0,7nrd_s3
RNA3DB,nWC,0,7nrd_s3
RNA3DB,STACK,6,7nrd_s3
RNA3DB,WC,6,4k50_b
RNA3DB,nWC,1,4k50_b
RNA3DB,STACK,25,4k50_b
RNA3DB,WC,27,6joo_b
RNA3DB,nWC,2,6joo_b
RNA3DB,STACK,76,6joo_b
RNA3DB,WC,4,6lnc_m
RNA3DB,nWC,0,6lnc_m
RNA3DB,STACK,14,6lnc_m
RNA3DB,WC,0,6xn4_r
RNA3DB,nWC,0,6xn4_r
RNA3DB,STACK,9,6xn4_r
RNA3DB,WC,0,6xdq_7
RNA3DB,nWC,0,6xdq_7
RNA3DB,STACK,9,6xdq_7
RNA3DB,WC,0,6o1o_n
RNA3DB,nWC,0,6o1o_n
RNA3DB,STACK,13,6o1o_n
RNA3DB,WC,0,1gtf_w
RNA3DB,nWC,0,1gtf_w
RNA3DB,STACK,11,1gtf_w
RNA3DB,WC,38,6xmf_c
RNA3DB,nWC,5,6xmf_c
RNA3DB,STACK,80,6xmf_c
RNA3DB,WC,53,6w2s_0
RNA3DB,nWC,17,6w2s_0
RNA3DB,STACK,171,6w2s_0
RNA3DB,WC,2,6szu_v
RNA3DB,nWC,2,6szu_v
RNA3DB,STACK,21,6szu_v
RNA3DB,WC,10,5t2a_f
RNA3DB,nWC,0,5t2a_f
RNA3DB,STACK,31,5t2a_f
RNA3DB,WC,0,8do6_i
RNA3DB,nWC,0,8do6_i
RNA3DB,STACK,13,8do6_i
RNA3DB,WC,0,6d6r_o
RNA3DB,nWC,0,6d6r_o
RNA3DB,STACK,19,6d6r_o
RNA3DB,WC,7,5dea_a
RNA3DB,nWC,13,5dea_a
RNA3DB,STACK,21,5dea_a
RNA3DB,WC,3,7jtq_b
RNA3DB,nWC,5,7jtq_b
RNA3DB,STACK,17,7jtq_b
RNA3DB,WC,0,7dvq_g
RNA3DB,nWC,0,7dvq_g
RNA3DB,STACK,26,7dvq_g
RNA3DB,WC,0,7ynb_c
RNA3DB,nWC,0,7ynb_c
RNA3DB,STACK,15,7ynb_c
RNA3DB,WC,6,6c63_b
RNA3DB,nWC,14,6c63_b
RNA3DB,STACK,24,6c63_b
RNA3DB,WC,0,8sqj_t
RNA3DB,nWC,0,8sqj_t
RNA3DB,STACK,20,8sqj_t
RNA3DB,WC,0,3ciy_c
RNA3DB,nWC,0,3ciy_c
RNA3DB,STACK,40,3ciy_c
RNA3DB,WC,0,7vg2_d
RNA3DB,nWC,0,7vg2_d
RNA3DB,STACK,30,7vg2_d
RNA3DB,WC,10,4rmo_p
RNA3DB,nWC,7,4rmo_p
RNA3DB,STACK,33,4rmo_p
RNA3DB,WC,0,8ad1_r
RNA3DB,nWC,0,8ad1_r
RNA3DB,STACK,3,8ad1_r
RNA3DB,WC,4,6ww6_d
RNA3DB,nWC,0,6ww6_d
RNA3DB,STACK,13,6ww6_d
RNA3DB,WC,0,5gin_g
RNA3DB,nWC,0,5gin_g
RNA3DB,STACK,18,5gin_g
RNA3DB,WC,28,6b3k_r
RNA3DB,nWC,12,6b3k_r
RNA3DB,STACK,73,6b3k_r
RNA3DB,WC,0,7dmq_c
RNA3DB,nWC,0,7dmq_c
RNA3DB,STACK,26,7dmq_c
RNA3DB,WC,3,7dmq_b
RNA3DB,nWC,0,7dmq_b
RNA3DB,STACK,33,7dmq_b
RNA3DB,WC,15,4v83_av
RNA3DB,nWC,0,4v83_av
RNA3DB,STACK,23,4v83_av
RNA3DB,WC,0,7ozu_p
RNA3DB,nWC,0,7ozu_p
RNA3DB,STACK,7,7ozu_p
RNA3DB,WC,21,6db8_r
RNA3DB,nWC,5,6db8_r
RNA3DB,STACK,45,6db8_r
RNA3DB,WC,35,7r6k_1
RNA3DB,nWC,10,7r6k_1
RNA3DB,STACK,95,7r6k_1
RNA3DB,WC,3,8bvj_b
RNA3DB,nWC,1,8bvj_b
RNA3DB,STACK,18,8bvj_b
RNA3DB,WC,42,7jrs_b
RNA3DB,nWC,5,7jrs_b
RNA3DB,STACK,106,7jrs_b
RNA3DB,WC,0,7sba_z
RNA3DB,nWC,0,7sba_z
RNA3DB,STACK,15,7sba_z
RNA3DB,WC,0,1jgq_1
RNA3DB,nWC,0,1jgq_1
RNA3DB,STACK,2,1jgq_1
RNA3DB,WC,8,5xwy_b
RNA3DB,nWC,0,5xwy_b
RNA3DB,STACK,32,5xwy_b
RNA3DB,WC,1,6j6q_b
RNA3DB,nWC,0,6j6q_b
RNA3DB,STACK,22,6j6q_b
RNA3DB,WC,0,6nud_u
RNA3DB,nWC,0,6nud_u
RNA3DB,STACK,3,6nud_u
RNA3DB,WC,0,8do6_j
RNA3DB,nWC,0,8do6_j
RNA3DB,STACK,13,8do6_j
RNA3DB,WC,0,8e6w_8
RNA3DB,nWC,0,8e6w_8
RNA3DB,STACK,3,8e6w_8
RNA3DB,WC,19,1s03_b
RNA3DB,nWC,2,1s03_b
RNA3DB,STACK,39,1s03_b
RNA3DB,WC,12,4x4s_b
RNA3DB,nWC,1,4x4s_b
RNA3DB,STACK,26,4x4s_b
RNA3DB,WC,15,7oaw_b
RNA3DB,nWC,11,7oaw_b
RNA3DB,STACK,40,7oaw_b
RNA3DB,WC,0,6nud_h
RNA3DB,nWC,0,6nud_h
RNA3DB,STACK,9,6nud_h
RNA3DB,WC,4,5t5h_f
RNA3DB,nWC,2,5t5h_f
RNA3DB,STACK,21,5t5h_f
RNA3DB,WC,15,4pmi_a
RNA3DB,nWC,3,4pmi_a
RNA3DB,STACK,34,4pmi_a
RNA3DB,WC,0,8hsr_r
RNA3DB,nWC,0,8hsr_r
RNA3DB,STACK,9,8hsr_r
RNA3DB,WC,0,2gtt_w
RNA3DB,nWC,0,2gtt_w
RNA3DB,STACK,63,2gtt_w
RNA3DB,WC,16,7pmm_d
RNA3DB,nWC,0,7pmm_d
RNA3DB,STACK,29,7pmm_d
RNA3DB,WC,5,3id5_d
RNA3DB,nWC,2,3id5_d
RNA3DB,STACK,20,3id5_d
RNA3DB,WC,13,6wpi_b
RNA3DB,nWC,2,6wpi_b
RNA3DB,STACK,27,6wpi_b
RNA3DB,WC,24,4mgn_a
RNA3DB,nWC,7,4mgn_a
RNA3DB,STACK,71,4mgn_a
RNA3DB,WC,0,8h7q_d
RNA3DB,nWC,0,8h7q_d
RNA3DB,STACK,6,8h7q_d
RNA3DB,WC,30,6dvk_h
RNA3DB,nWC,10,6dvk_h
RNA3DB,STACK,79,6dvk_h
RNA3DB,WC,0,7cyq_j
RNA3DB,nWC,1,7cyq_j
RNA3DB,STACK,23,7cyq_j
RNA3DB,WC,0,6o7e_h
RNA3DB,nWC,0,6o7e_h
RNA3DB,STACK,8,6o7e_h
RNA3DB,WC,11,5voe_a
RNA3DB,nWC,1,5voe_a
RNA3DB,STACK,27,5voe_a
RNA3DB,WC,45,3hhn_c
RNA3DB,nWC,5,3hhn_c
RNA3DB,STACK,107,3hhn_c
RNA3DB,WC,13,1zho_b
RNA3DB,nWC,1,1zho_b
RNA3DB,STACK,30,1zho_b
RNA3DB,WC,14,7dlz_x
RNA3DB,nWC,1,7dlz_x
RNA3DB,STACK,32,7dlz_x
RNA3DB,WC,5,4qyz_l
RNA3DB,nWC,1,4qyz_l
RNA3DB,STACK,20,4qyz_l
RNA3DB,WC,9,6sy4_c
RNA3DB,nWC,7,6sy4_c
RNA3DB,STACK,30,6sy4_c
RNA3DB,WC,0,6ztn_av
RNA3DB,nWC,0,6ztn_av
RNA3DB,STACK,12,6ztn_av
RNA3DB,WC,14,7uoo_6
RNA3DB,nWC,2,7uoo_6
RNA3DB,STACK,26,7uoo_6
RNA3DB,WC,8,6vuh_a
RNA3DB,nWC,10,6vuh_a
RNA3DB,STACK,21,6vuh_a
RNA3DB,WC,45,8ova_be
RNA3DB,nWC,17,8ova_be
RNA3DB,STACK,126,8ova_be
RNA3DB,WC,0,4b3p_r
RNA3DB,nWC,0,4b3p_r
RNA3DB,STACK,20,4b3p_r
RNA3DB,WC,2,8ane_r
RNA3DB,nWC,0,8ane_r
RNA3DB,STACK,10,8ane_r
RNA3DB,WC,7,8j26_d
RNA3DB,nWC,3,8j26_d
RNA3DB,STACK,16,8j26_d
RNA3DB,WC,0,7v00_g
RNA3DB,nWC,0,7v00_g
RNA3DB,STACK,6,7v00_g
RNA3DB,WC,0,6exn_e
RNA3DB,nWC,0,6exn_e
RNA3DB,STACK,10,6exn_e
RNA3DB,WC,17,6rjg_d
RNA3DB,nWC,1,6rjg_d
RNA3DB,STACK,56,6rjg_d
RNA3DB,WC,13,6rti_x
RNA3DB,nWC,5,6rti_x
RNA3DB,STACK,33,6rti_x
RNA3DB,WC,4,6zj3_lm
RNA3DB,nWC,2,6zj3_lm
RNA3DB,STACK,35,6zj3_lm
RNA3DB,WC,13,8ibw_d
RNA3DB,nWC,1,8ibw_d
RNA3DB,STACK,21,8ibw_d
RNA3DB,WC,47,7jrt_b
RNA3DB,nWC,0,7jrt_b
RNA3DB,STACK,111,7jrt_b
RNA3DB,WC,0,6by1_bx
RNA3DB,nWC,0,6by1_bx
RNA3DB,STACK,8,6by1_bx
RNA3DB,WC,8,1ykv_b
RNA3DB,nWC,2,1ykv_b
RNA3DB,STACK,28,1ykv_b
RNA3DB,WC,0,7b0y_p
RNA3DB,nWC,0,7b0y_p
RNA3DB,STACK,18,7b0y_p
RNA3DB,WC,32,8t29_r
RNA3DB,nWC,4,8t29_r
RNA3DB,STACK,68,8t29_r
RNA3DB,WC,0,6yam_3
RNA3DB,nWC,1,6yam_3
RNA3DB,STACK,8,6yam_3
RNA3DB,WC,13,1f1t_a
RNA3DB,nWC,5,1f1t_a
RNA3DB,STACK,26,1f1t_a
RNA3DB,WC,6,6e82_a
RNA3DB,nWC,5,6e82_a
RNA3DB,STACK,25,6e82_a
RNA3DB,WC,44,8j12_c
RNA3DB,nWC,8,8j12_c
RNA3DB,STACK,114,8j12_c
RNA3DB,WC,8,5fj4_d
RNA3DB,nWC,3,5fj4_d
RNA3DB,STACK,23,5fj4_d
RNA3DB,WC,0,7dte_g
RNA3DB,nWC,0,7dte_g
RNA3DB,STACK,25,7dte_g
RNA3DB,WC,9,6d3p_a
RNA3DB,nWC,4,6d3p_a
RNA3DB,STACK,33,6d3p_a
RNA3DB,WC,0,6zqf_d4
RNA3DB,nWC,0,6zqf_d4
RNA3DB,STACK,22,6zqf_d4
RNA3DB,WC,0,4b3q_r
RNA3DB,nWC,0,4b3q_r
RNA3DB,STACK,17,4b3q_r
RNA3DB,WC,0,7vg2_c
RNA3DB,nWC,0,7vg2_c
RNA3DB,STACK,29,7vg2_c
RNA3DB,WC,0,6fyx_3
RNA3DB,nWC,0,6fyx_3
RNA3DB,STACK,9,6fyx_3
RNA3DB,WC,0,7x7r_j
RNA3DB,nWC,0,7x7r_j
RNA3DB,STACK,3,7x7r_j
RNA3DB,WC,26,7kvu_g
RNA3DB,nWC,12,7kvu_g
RNA3DB,STACK,55,7kvu_g
RNA3DB,WC,0,8fn6_g
RNA3DB,nWC,0,8fn6_g
RNA3DB,STACK,0,8fn6_g
RNA3DB,WC,9,6iv8_d
RNA3DB,nWC,0,6iv8_d
RNA3DB,STACK,35,6iv8_d
RNA3DB,WC,22,4m4o_b
RNA3DB,nWC,5,4m4o_b
RNA3DB,STACK,49,4m4o_b
RNA3DB,WC,14,5m0h_a
RNA3DB,nWC,3,5m0h_a
RNA3DB,STACK,35,5m0h_a
RNA3DB,WC,0,6lsh_b
RNA3DB,nWC,0,6lsh_b
RNA3DB,STACK,8,6lsh_b
RNA3DB,WC,0,6yan_3
RNA3DB,nWC,0,6yan_3
RNA3DB,STACK,5,6yan_3
RNA3DB,WC,0,8sqj_p
RNA3DB,nWC,0,8sqj_p
RNA3DB,STACK,14,8sqj_p
RNA3DB,WC,0,7r21_r
RNA3DB,nWC,0,7r21_r
RNA3DB,STACK,13,7r21_r
RNA3DB,WC,0,7kha_j
RNA3DB,nWC,0,7kha_j
RNA3DB,STACK,17,7kha_j
RNA3DB,WC,20,6xjy_b
RNA3DB,nWC,8,6xjy_b
RNA3DB,STACK,42,6xjy_b
RNA3DB,WC,14,8gxb_b
RNA3DB,nWC,11,8gxb_b
RNA3DB,STACK,43,8gxb_b
RNA3DB,WC,11,4v4p_b1
RNA3DB,nWC,0,4v4p_b1
RNA3DB,STACK,27,4v4p_b1
RNA3DB,WC,0,7r6l_b
RNA3DB,nWC,0,7r6l_b
RNA3DB,STACK,8,7r6l_b
RNA3DB,WC,6,7xfz_e
RNA3DB,nWC,0,7xfz_e
RNA3DB,STACK,18,7xfz_e
RNA3DB,WC,0,4v4y_a1
RNA3DB,nWC,1,4v4y_a1
RNA3DB,STACK,17,4v4y_a1
RNA3DB,WC,13,5dcv_b
RNA3DB,nWC,4,5dcv_b
RNA3DB,STACK,31,5dcv_b
RNA3DB,WC,0,7ync_b
RNA3DB,nWC,1,7ync_b
RNA3DB,STACK,12,7ync_b
RNA3DB,WC,0,6bk8_e
RNA3DB,nWC,0,6bk8_e
RNA3DB,STACK,0,6bk8_e
RNA3DB,WC,20,8apo_a9
RNA3DB,nWC,0,8apo_a9
RNA3DB,STACK,44,8apo_a9
RNA3DB,WC,0,6zvi_f
RNA3DB,nWC,0,6zvi_f
RNA3DB,STACK,0,6zvi_f
RNA3DB,WC,7,7os0_d
RNA3DB,nWC,1,7os0_d
RNA3DB,STACK,22,7os0_d
RNA3DB,WC,0,7jl2_x
RNA3DB,nWC,0,7jl2_x
RNA3DB,STACK,26,7jl2_x
